backup.confirm	Import backup	导入备份	匯入備份	バックアップを読み込む	백업 가져오기	Sicherung importieren	Importer la sauvegarde	นำเข้าข้อมูลสำรอง	Importar cópia de segurança
backup.conflictPolicy	When an item already exists	已有项目发生冲突时	已有項目發生衝突時	同じ項目が存在する場合	같은 항목이 있을 때	Bei vorhandenen Einträgen	Si un élément existe déjà	เมื่อมีรายการเดียวกันอยู่แล้ว	Quando um item já existe
backup.conflicts	Conflicting items	冲突项目	衝突項目	競合する項目	충돌하는 항목	Widersprüchliche Einträge	Éléments en conflit	รายการที่ขัดแย้งกัน	Itens em conflito
backup.enableReminders	Enable imported reminders	启用导入计划的提醒	啟用匯入計畫的提醒	読み込んだ通知を有効にする	가져온 알림 활성화	Importierte Erinnerungen aktivieren	Activer les rappels importés	เปิดการแจ้งเตือนที่นำเข้า	Ativar os lembretes importados
backup.explanation	Nothing changes until you confirm. Existing items are matched by their saved identifiers. New reminders remain off unless you enable them here.	确认前不会修改数据。已有项目按保存的标识匹配。导入的新增提醒默认关闭，可在此主动开启。	確認前不會修改資料。已有項目依儲存的識別碼比對。匯入的新增提醒預設關閉，可在此主動開啟。	確認するまでデータは変更されません。保存された識別子で既存の項目を照合します。新たに読み込む通知は、ここで有効にしない限りオフのままです。	확인하기 전에는 데이터가 변경되지 않습니다. 저장된 식별자로 기존 항목을 비교합니다. 새로 가져온 알림은 여기에서 활성화하지 않으면 꺼진 상태로 유지됩니다.	Erst nach Ihrer Bestätigung werden Daten geändert. Vorhandene Einträge werden anhand ihrer gespeicherten Kennungen zugeordnet. Neue Erinnerungen bleiben deaktiviert, sofern Sie sie hier nicht aktivieren.	Aucune donnée ne change avant votre confirmation. Les éléments existants sont associés à leurs identifiants enregistrés. Les nouveaux rappels restent désactivés, sauf si vous les activez ici.	ข้อมูลจะไม่เปลี่ยนจนกว่าจะยืนยัน ระบบจะจับคู่รายการเดิมด้วยรหัสที่บันทึกไว้ การแจ้งเตือนใหม่ที่นำเข้าจะปิดอยู่จนกว่าคุณจะเปิดที่นี่	Os dados só mudam após a sua confirmação. Os itens existentes são associados pelos identificadores guardados. Os novos lembretes ficam desativados, a menos que os ative aqui.
backup.identical	Unchanged items	相同项目	相同項目	変更のない項目	변경되지 않은 항목	Unveränderte Einträge	Éléments identiques	รายการที่ไม่เปลี่ยนแปลง	Itens sem alterações
backup.import	Import backup	导入备份	匯入備份	バックアップを読み込む	백업 가져오기	Sicherung importieren	Importer une sauvegarde	นำเข้าข้อมูลสำรอง	Importar cópia de segurança
backup.invalid	This is not a supported LightPlan backup, or it exceeds 5 MB. Your existing data has not changed.	这不是有效的 LightPlan 备份，或文件超过 5 MB。原有数据未被修改。	這不是有效的 LightPlan 備份，或檔案超過 5 MB。原有資料未被修改。	対応するLightPlanバックアップではないか、5 MBを超えています。既存のデータは変更されていません。	지원되는 LightPlan 백업이 아니거나 파일이 5 MB를 초과합니다. 기존 데이터는 변경되지 않았습니다.	Diese LightPlan-Sicherung wird nicht unterstützt oder ist größer als 5 MB. Ihre vorhandenen Daten wurden nicht geändert.	Cette sauvegarde LightPlan n’est pas prise en charge ou dépasse 5 Mo. Vos données existantes n’ont pas été modifiées.	ไฟล์นี้ไม่ใช่ข้อมูลสำรอง LightPlan ที่รองรับ หรือมีขนาดเกิน 5 MB ข้อมูลเดิมของคุณไม่ได้เปลี่ยนแปลง	Esta cópia de segurança do LightPlan não é compatível ou excede 5 MB. Os dados existentes não foram alterados.
backup.keepLocal	Keep existing items	保留本地项目	保留本機項目	既存の項目を保持	기존 항목 유지	Vorhandene Einträge behalten	Conserver les éléments existants	เก็บรายการเดิม	Manter os itens existentes
backup.newPlaces	New saved places	新增收藏地点	新增收藏地點	新しい保存場所	새로 저장할 장소	Neue gespeicherte Orte	Nouveaux lieux enregistrés	สถานที่ใหม่ที่บันทึก	Novos locais guardados
backup.newPlans	New plans	新增计划	新增計畫	新しい計画	새 계획	Neue Pläne	Nouveaux projets	แผนใหม่	Novos planos
backup.preview	Review import	检查导入内容	檢查匯入內容	読み込み内容の確認	가져오기 검토	Import prüfen	Vérifier l’importation	ตรวจสอบการนำเข้า	Rever a importação
backup.recoveryWarning	Your saved file could not be read. It has not been overwritten. Export it before importing a valid backup; recovery also keeps a copy of the original file.	无法读取存档，原文件未被覆盖。建议先导出原文件，再导入有效备份；恢复时也会保留原文件副本。	無法讀取存檔，原檔案未被覆蓋。建議先匯出原檔案，再匯入有效備份；復原時也會保留原檔案副本。	保存ファイルを読み取れませんでした。上書きはしていません。有効なバックアップを読み込む前に、このファイルを書き出してください。復元時にも元のファイルのコピーを残します。	저장 파일을 읽을 수 없습니다. 원본 파일은 덮어쓰지 않았습니다. 유효한 백업을 가져오기 전에 원본을 내보내세요. 복구할 때도 원본 사본을 보관합니다.	Die gespeicherte Datei konnte nicht gelesen werden und wurde nicht überschrieben. Exportieren Sie sie vor dem Import einer gültigen Sicherung. Auch bei der Wiederherstellung bleibt eine Kopie der ursprünglichen Datei erhalten.	Le fichier enregistré n’a pas pu être lu et n’a pas été écrasé. Exportez-le avant d’importer une sauvegarde valide. La récupération conserve également une copie du fichier original.	ไม่สามารถอ่านไฟล์ที่บันทึกไว้ได้ และยังไม่ได้เขียนทับไฟล์เดิม โปรดส่งออกไฟล์ก่อนนำเข้าข้อมูลสำรองที่ถูกต้อง การกู้คืนจะเก็บสำเนาไฟล์เดิมไว้ด้วย	Não foi possível ler o ficheiro guardado. Não foi substituído. Exporte-o antes de importar uma cópia de segurança válida. A recuperação também preserva uma cópia do ficheiro original.
backup.useIncoming	Use imported items	采用导入项目	採用匯入項目	読み込む項目を使用	가져온 항목 사용	Importierte Einträge verwenden	Utiliser les éléments importés	ใช้รายการที่นำเข้า	Usar os itens importados
error.searchTimeout	The search timed out. Try again or enter coordinates manually.	搜索超时，请重试或手动输入坐标。	搜尋逾時，請重試或手動輸入座標。	検索がタイムアウトしました。再試行するか、座標を手入力してください。	검색 시간이 초과되었습니다. 다시 시도하거나 좌표를 직접 입력하세요.	Die Suche hat zu lange gedauert. Versuchen Sie es erneut oder geben Sie Koordinaten ein.	La recherche a expiré. Réessayez ou saisissez les coordonnées manuellement.	การค้นหาใช้เวลานานเกินไป โปรดลองอีกครั้งหรือกรอกพิกัดเอง	A pesquisa excedeu o tempo limite. Tente novamente ou introduza as coordenadas manualmente.
help.title	How LightPlan works	使用说明	使用說明	使い方	사용 방법	So funktioniert LightPlan	Utiliser LightPlan	วิธีใช้ LightPlan	Como utilizar o LightPlan
legal.title	Terms of use	使用条款	使用條款	利用規約	이용 약관	Nutzungsbedingungen	Conditions d’utilisation	ข้อกำหนดการใช้งาน	Termos de utilização
notice.duplicatePlace	This place is already saved.	该地点已收藏。	此地點已收藏。	この場所は保存済みです。	이미 저장된 장소입니다.	Dieser Ort ist bereits gespeichert.	Ce lieu est déjà enregistré.	บันทึกสถานที่นี้ไว้แล้ว	Este local já está guardado.
notice.duplicated	Plan duplicated. Reminders are off in the copy.	已复制计划，副本的提醒默认关闭。	已複製計畫，副本的提醒預設關閉。	計画を複製しました。複製した計画の通知はオフです。	계획을 복제했습니다. 사본의 알림은 꺼져 있습니다.	Plan dupliziert. Erinnerungen sind in der Kopie deaktiviert.	Projet dupliqué. Les rappels de la copie sont désactivés.	ทำสำเนาแผนแล้ว การแจ้งเตือนในสำเนาปิดอยู่	Plano duplicado. Os lembretes da cópia estão desativados.
notice.imported	Backup imported successfully.	备份已导入。	備份已匯入。	バックアップを読み込みました。	백업을 가져왔습니다.	Sicherung importiert.	Sauvegarde importée.	นำเข้าข้อมูลสำรองแล้ว	Cópia de segurança importada.
place.chooseTimezone	Choose the destination time zone	选择目的地时区	選擇目的地時區	目的地のタイムゾーンを選択	목적지 시간대 선택	Zeitzone des Zielorts wählen	Choisir le fuseau horaire du lieu	เลือกเขตเวลาของจุดหมาย	Escolher o fuso horário do destino
place.deleteConfirm	Remove this saved place? Existing plans keep their own location.	删除这个收藏地点？已有计划中的地点信息不会改变。	刪除此收藏地點？已有計畫中的地點資訊不會改變。	この保存場所を削除しますか？既存の計画の場所は変わりません。	저장된 장소를 삭제할까요? 기존 계획의 위치 정보는 유지됩니다.	Diesen gespeicherten Ort entfernen? Bestehende Pläne behalten ihren eigenen Ort.	Supprimer ce lieu enregistré ? Les projets existants conservent leur lieu.	ลบสถานที่ที่บันทึกไว้นี้หรือไม่ แผนเดิมจะยังคงใช้สถานที่ของตน	Remover este local guardado? Os planos existentes mantêm o seu próprio local.
place.empty	Save places you want to return to.	收藏想再次前往的拍摄地点。	收藏想再次前往的拍攝地點。	また訪れたい撮影場所を保存しましょう。	다시 가고 싶은 촬영 장소를 저장하세요.	Speichern Sie Orte, die Sie wieder besuchen möchten.	Enregistrez les lieux où vous souhaitez revenir.	บันทึกสถานที่ถ่ายภาพที่อยากกลับไปอีก	Guarde os locais onde quer voltar.
place.noResults	No places found. Try a city name or enter coordinates.	未找到地点，请试试城市名或输入坐标。	找不到地點，請嘗試城市名或輸入座標。	場所が見つかりません。都市名で検索するか、座標を入力してください。	장소를 찾을 수 없습니다. 도시 이름으로 검색하거나 좌표를 입력하세요.	Keine Orte gefunden. Versuchen Sie einen Städtenamen oder geben Sie Koordinaten ein.	Aucun lieu trouvé. Essayez un nom de ville ou saisissez des coordonnées.	ไม่พบสถานที่ ลองค้นหาด้วยชื่อเมืองหรือกรอกพิกัด	Não foram encontrados locais. Experimente o nome de uma cidade ou introduza coordenadas.
place.rename	Rename place	重命名地点	重新命名地點	場所の名前を変更	장소 이름 변경	Ort umbenennen	Renommer le lieu	เปลี่ยนชื่อสถานที่	Mudar o nome do local
plan.deleteConfirm	Delete this plan and its reminder?	删除这个计划及其提醒？	刪除此計畫及其提醒？	この計画と通知を削除しますか？	이 계획과 알림을 삭제할까요?	Diesen Plan und seine Erinnerung löschen?	Supprimer ce projet et son rappel ?	ลบแผนนี้และการแจ้งเตือนหรือไม่	Eliminar este plano e o respetivo lembrete?
plan.duplicate	Duplicate plan	复制计划	複製計畫	計画を複製	계획 복제	Plan duplizieren	Dupliquer le projet	ทำสำเนาแผน	Duplicar plano
plan.notFound	This plan is no longer available.	这个计划已不存在。	此計畫已不存在。	この計画は見つかりません。	이 계획을 더 이상 찾을 수 없습니다.	Dieser Plan ist nicht mehr verfügbar.	Ce projet n’est plus disponible.	ไม่พบแผนนี้แล้ว	Este plano já não está disponível.
plan.preview	Schedule preview	时间安排预览	時間安排預覽	予定のプレビュー	일정 미리보기	Zeitplanvorschau	Aperçu du programme	ตัวอย่างกำหนดการ	Pré-visualização do horário
plan.stopReminder	Turn off reminder	关闭提醒	關閉提醒	通知をオフにする	알림 끄기	Erinnerung deaktivieren	Désactiver le rappel	ปิดการแจ้งเตือน	Desativar lembrete
privacy.title	Privacy	隐私说明	隱私說明	プライバシー	개인정보 보호	Datenschutz	Confidentialité	ความเป็นส่วนตัว	Privacidade
settings.contact	Contact support	联系支持	聯絡支援	サポートに連絡	지원 문의	Support kontaktieren	Contacter l’assistance	ติดต่อฝ่ายช่วยเหลือ	Contactar o apoio
settings.haptics	Haptic feedback	触觉反馈	觸覺回饋	触覚フィードバック	햅틱 피드백	Haptisches Feedback	Retour haptique	การตอบสนองแบบสั่น	Resposta háptica
settings.notificationAllowed	Notifications allowed	通知已允许	通知已允許	通知は許可されています	알림 허용됨	Mitteilungen erlaubt	Notifications autorisées	อนุญาตการแจ้งเตือนแล้ว	Notificações permitidas
settings.notificationOff	Notifications are off in system settings	系统通知已关闭	系統通知已關閉	システム設定で通知がオフになっています	시스템 설정에서 알림이 꺼져 있습니다	Mitteilungen sind in den Systemeinstellungen deaktiviert	Les notifications sont désactivées dans les réglages système	การแจ้งเตือนถูกปิดในการตั้งค่าระบบ	As notificações estão desativadas nas definições do sistema
settings.notificationUnknown	Notification permission has not been requested	尚未请求通知权限	尚未要求通知權限	通知の許可はまだ要求していません	아직 알림 권한을 요청하지 않았습니다	Mitteilungserlaubnis wurde noch nicht angefordert	L’autorisation des notifications n’a pas encore été demandée	ยังไม่ได้ขออนุญาตส่งการแจ้งเตือน	A permissão para notificações ainda não foi solicitada
settings.notifications	Notifications	通知管理	通知管理	通知	알림	Mitteilungen	Notifications	การแจ้งเตือน	Notificações
settings.openSystem	Open system settings	打开系统设置	開啟系統設定	システム設定を開く	시스템 설정 열기	Systemeinstellungen öffnen	Ouvrir les réglages système	เปิดการตั้งค่าระบบ	Abrir as definições do sistema
settings.reminderBudget	LightPlan keeps up to 48 upcoming reminders scheduled. Open the app regularly to schedule later plans. System settings may delay or silence delivery.	LightPlan 最多安排 48 条近期提醒。请定期打开 App，以续排更晚的计划。系统设置可能延迟或静音通知。	LightPlan 最多安排 48 則近期提醒。請定期開啟 App，以續排較晚的計畫。系統設定可能延遲或靜音通知。	LightPlanは直近の通知を最大48件予約します。後の計画を予約するため、定期的にアプリを開いてください。システム設定により配信が遅れたり、消音されたりする場合があります。	LightPlan은 다가오는 알림을 최대 48개 예약합니다. 이후 계획의 알림을 예약하려면 앱을 주기적으로 열어 주세요. 시스템 설정에 따라 알림이 지연되거나 소리가 나지 않을 수 있습니다.	LightPlan plant bis zu 48 bevorstehende Erinnerungen. Öffnen Sie die App regelmäßig, damit spätere Pläne eingeplant werden. Systemeinstellungen können die Zustellung verzögern oder stummschalten.	LightPlan programme jusqu’à 48 rappels à venir. Ouvrez régulièrement l’app pour programmer les projets plus lointains. Les réglages système peuvent retarder ou rendre silencieuses les notifications.	LightPlan จะตั้งการแจ้งเตือนที่ใกล้ถึงเวลาสูงสุด 48 รายการ โปรดเปิดแอปเป็นระยะเพื่อตั้งการแจ้งเตือนของแผนถัดไป การตั้งค่าระบบอาจทำให้แจ้งเตือนล่าช้าหรือไม่มีเสียง	O LightPlan agenda até 48 lembretes próximos. Abra a aplicação regularmente para agendar os planos posteriores. As definições do sistema podem atrasar ou silenciar as notificações.
settings.scheduled	Pending reminders	待发送提醒	待傳送提醒	予約済みの通知	예약된 알림	Geplante Erinnerungen	Rappels programmés	การแจ้งเตือนที่รอส่ง	Lembretes pendentes
settings.clockFormat	Time format	时间格式	時間格式	時刻の表示形式	시간 형식	Zeitformat	Format de l’heure	รูปแบบเวลา	Formato da hora
settings.clock12	12-hour	12 小时制	12 小時制	12時間表示	12시간제	12 Stunden	12 heures	12 ชั่วโมง	12 horas
settings.clock24	24-hour	24 小时制	24 小時制	24時間表示	24시간제	24 Stunden	24 heures	24 ชั่วโมง	24 horas
help.p1	Choose a place and confirm its time zone. All dates and event times use that destination, not your phone’s current time zone. Known coordinates can be entered offline; map search and new map tiles require a connection.	选择地点并确认时区。所有日期和事件时间均以目的地为准，不采用手机当前时区。已知坐标可离线输入；搜索地点和加载新的地图需要联网。	選擇地點並確認時區。所有日期和事件時間均以目的地為準，不採用手機目前時區。已知座標可離線輸入；搜尋地點和載入新地圖需要連線。	場所を選び、タイムゾーンを確認してください。日付とイベント時刻はすべて目的地の時間です。端末の現在のタイムゾーンではありません。座標はオフラインで入力できますが、場所の検索と新しい地図の読み込みには通信が必要です。	장소를 선택하고 시간대를 확인하세요. 모든 날짜와 이벤트 시간은 휴대전화의 현재 시간대가 아닌 목적지를 기준으로 합니다. 좌표는 오프라인으로 입력할 수 있지만 장소 검색과 새 지도 로딩에는 인터넷 연결이 필요합니다.	Wählen Sie einen Ort und bestätigen Sie dessen Zeitzone. Alle Daten und Ereigniszeiten beziehen sich auf den Zielort, nicht auf die aktuelle Zeitzone Ihres Telefons. Bekannte Koordinaten können offline eingegeben werden; Ortssuche und neue Karteninhalte benötigen eine Verbindung.	Choisissez un lieu et confirmez son fuseau horaire. Les dates et heures des événements correspondent au lieu choisi, et non au fuseau actuel du téléphone. Les coordonnées peuvent être saisies hors ligne ; la recherche de lieux et le chargement de nouvelles cartes nécessitent une connexion.	เลือกสถานที่และยืนยันเขตเวลา วันที่และเวลาเหตุการณ์ทั้งหมดอ้างอิงจุดหมาย ไม่ใช่เขตเวลาปัจจุบันของโทรศัพท์ คุณกรอกพิกัดได้ขณะออฟไลน์ แต่การค้นหาสถานที่และโหลดแผนที่ใหม่ต้องใช้อินเทอร์เน็ต	Escolha um local e confirme o respetivo fuso horário. As datas e horas dos eventos seguem o destino, não o fuso atual do telefone. Pode introduzir coordenadas sem ligação; a pesquisa de locais e novos mapas requerem internet.
help.p2	Drag the timeline to move the selected time. Directions are measured clockwise from true north. A dashed direction means the selected body is below the geometric horizon. Ray length on the map is a visual guide, not a distance to the Sun or Moon.	拖动时间轴可调整选中时间。方位以真北为零度、顺时针计量。虚线表示所选天体位于几何地平线下。地图射线长度仅用于示意，并非到太阳或月亮的距离。	拖曳時間軸可調整選取時間。方位以真北為零度、順時針計量。虛線表示所選天體位於幾何地平線下。地圖射線長度僅供示意，並非到太陽或月亮的距離。	タイムラインをドラッグして時刻を変更します。方位は真北を0度とし、時計回りに測ります。破線は天体が幾何学的な地平線の下にあることを示します。地図の線の長さは表示用で、太陽や月までの距離ではありません。	시간선을 드래그해 선택한 시간을 변경하세요. 방위각은 진북을 0도로 하여 시계 방향으로 측정합니다. 점선은 천체가 기하학적 지평선 아래에 있음을 뜻합니다. 지도 선의 길이는 시각적 안내이며 태양이나 달까지의 거리가 아닙니다.	Verschieben Sie die Zeitleiste, um die ausgewählte Zeit zu ändern. Richtungen werden im Uhrzeigersinn von geografisch Nord gemessen. Eine gestrichelte Linie bedeutet, dass der Himmelskörper unter dem geometrischen Horizont liegt. Die Linienlänge ist nur eine Darstellung, keine Entfernung zu Sonne oder Mond.	Faites glisser la frise pour changer l’heure. Les directions sont mesurées dans le sens horaire depuis le nord géographique. Un trait pointillé indique que l’astre est sous l’horizon géométrique. La longueur des traits sur la carte est indicative et ne représente pas la distance du Soleil ou de la Lune.	ลากเส้นเวลาเพื่อเปลี่ยนเวลาที่เลือก ทิศทางวัดตามเข็มนาฬิกาจากทิศเหนือจริง เส้นประหมายถึงวัตถุท้องฟ้าอยู่ใต้ขอบฟ้าเชิงเรขาคณิต ความยาวเส้นบนแผนที่ใช้แสดงทิศทาง ไม่ใช่ระยะถึงดวงอาทิตย์หรือดวงจันทร์	Arraste a linha temporal para mudar a hora. As direções são medidas no sentido horário a partir do norte geográfico. Uma linha tracejada indica que o astro está abaixo do horizonte geométrico. O comprimento da linha é ilustrativo, não representa a distância ao Sol ou à Lua.
help.p3	LightPlan defines golden light as a solar center altitude from −4° to +6°, and blue light from −6° to −4°. These are planning conventions, not weather forecasts. Clouds, mountains and buildings can change the light you actually see.	LightPlan 将太阳中心高度 −4° 至 +6° 定义为黄金时段，将 −6° 至 −4° 定义为蓝调时段。这是规划约定，不是天气预报。云层、山体和建筑会影响现场实际光线。	LightPlan 將太陽中心高度 −4° 至 +6° 定義為黃金時段，將 −6° 至 −4° 定義為藍調時段。這是規劃約定，不是天氣預報。雲層、山體和建築會影響現場實際光線。	LightPlanでは太陽中心の高度−4°〜+6°をゴールデンアワー、−6°〜−4°をブルーアワーと定義しています。これは計画のための基準で、天気予報ではありません。雲、山、建物によって実際の光は変わります。	LightPlan은 태양 중심 고도 −4°~+6°를 골든 아워, −6°~−4°를 블루 아워로 정의합니다. 이는 계획을 위한 기준이며 날씨 예보가 아닙니다. 구름, 산, 건물에 따라 실제 빛은 달라집니다.	LightPlan definiert goldenes Licht bei einer Höhe des Sonnenmittelpunkts von −4° bis +6° und blaues Licht von −6° bis −4°. Dies sind Planungsregeln, keine Wettervorhersage. Wolken, Berge und Gebäude beeinflussen das tatsächlich sichtbare Licht.	LightPlan définit l’heure dorée par une hauteur du centre solaire de −4° à +6°, et l’heure bleue de −6° à −4°. Ce sont des conventions de planification, pas des prévisions météo. Nuages, relief et bâtiments peuvent modifier la lumière réelle.	LightPlan กำหนดช่วงแสงทองเมื่อศูนย์กลางดวงอาทิตย์อยู่ที่มุมเงย −4° ถึง +6° และช่วงแสงสีน้ำเงินที่ −6° ถึง −4° เกณฑ์นี้ใช้วางแผน ไม่ใช่การพยากรณ์อากาศ เมฆ ภูเขา และอาคารอาจเปลี่ยนแสงที่เห็นจริง	O LightPlan define a hora dourada quando o centro solar está entre −4° e +6° de altitude, e a hora azul entre −6° e −4°. São critérios de planeamento, não previsões meteorológicas. Nuvens, montanhas e edifícios podem alterar a luz real.
help.p4	Save a plan with a target event, arrival lead and optional reminder. Arrival and reminder leads are separate and both refer to the target event. Export backups regularly. Sunrise and sunset calculations assume an unobstructed horizon at sea level; check the site before relying on precise alignment.	保存计划时设置目标事件、提前抵达时间和可选提醒。抵达与提醒分别设置，都相对于目标事件计算。请定期导出备份。升落计算以海平面无遮挡地平线为假设；精确对景拍摄前请现场确认。	儲存計畫時設定目標事件、提前抵達時間和可選提醒。抵達與提醒分別設定，皆相對於目標事件計算。請定期匯出備份。升落計算以海平面無遮擋地平線為假設；精確對景拍攝前請現場確認。	計画には対象イベント、到着までの余裕時間、必要に応じて通知を設定します。到着と通知の時間は別々に設定し、どちらも対象イベントが基準です。定期的にバックアップを書き出してください。出入りの計算は海抜0 mの遮られていない地平線を仮定しています。精密な位置合わせには現地確認が必要です。	계획을 저장할 때 목표 이벤트, 도착 여유 시간과 선택적 알림을 설정하세요. 도착과 알림은 별도로 설정하며 모두 목표 이벤트를 기준으로 계산합니다. 정기적으로 백업을 내보내세요. 출몰 계산은 해수면의 가려지지 않은 지평선을 가정합니다. 정밀한 구도를 잡기 전에는 현장을 확인하세요.	Speichern Sie einen Plan mit Zielereignis, Ankunftsvorlauf und optionaler Erinnerung. Ankunft und Erinnerung werden getrennt eingestellt und beziehen sich auf das Zielereignis. Exportieren Sie regelmäßig Sicherungen. Auf- und Untergangszeiten setzen einen freien Horizont auf Meereshöhe voraus. Prüfen Sie den Ort vor präzisen Ausrichtungen.	Enregistrez un projet avec un événement cible, une avance d’arrivée et un rappel facultatif. L’arrivée et le rappel se règlent séparément par rapport à l’événement cible. Exportez régulièrement des sauvegardes. Les calculs de lever et coucher supposent un horizon dégagé au niveau de la mer ; vérifiez le site avant un alignement précis.	บันทึกแผนโดยเลือกเหตุการณ์เป้าหมาย เวลามาถึงล่วงหน้า และการแจ้งเตือนถ้าต้องการ เวลามาถึงและเวลาแจ้งเตือนตั้งแยกกันโดยอ้างอิงเหตุการณ์เป้าหมาย ควรส่งออกข้อมูลสำรองเป็นประจำ การคำนวณขึ้นและตกสมมติว่าขอบฟ้าไม่ถูกบังที่ระดับน้ำทะเล โปรดตรวจสถานที่ก่อนถ่ายภาพที่ต้องจัดแนวอย่างแม่นยำ	Guarde um plano com o evento pretendido, antecedência de chegada e lembrete opcional. A chegada e o lembrete são definidos separadamente em relação ao evento. Exporte cópias de segurança regularmente. Os cálculos de nascer e pôr pressupõem um horizonte livre ao nível do mar; confirme o local antes de um alinhamento preciso.
privacy.p1	LightPlan does not require an account and has no advertising or third-party analytics SDK. Saved places, plans and preferences remain in the app’s local storage. We do not operate a server that receives this data.	LightPlan 无需注册，不含广告或第三方统计 SDK。收藏地点、计划和偏好保存在 App 本地存储中，我们不运行接收这些数据的服务器。	LightPlan 無需註冊，不含廣告或第三方統計 SDK。收藏地點、計畫和偏好儲存在 App 本機儲存空間，我們不執行接收這些資料的伺服器。	LightPlanはアカウントを必要とせず、広告や第三者の分析SDKを含みません。保存場所、計画、設定はアプリ内に保存されます。これらのデータを受信するサーバーは運用していません。	LightPlan은 계정이 필요 없으며 광고나 제3자 분석 SDK를 포함하지 않습니다. 저장된 장소, 계획, 설정은 앱의 로컬 저장소에 보관됩니다. 이 데이터를 수신하는 서버는 운영하지 않습니다.	LightPlan benötigt kein Konto und enthält keine Werbung oder Analyse-SDKs von Drittanbietern. Gespeicherte Orte, Pläne und Einstellungen bleiben im lokalen App-Speicher. Wir betreiben keinen Server, der diese Daten empfängt.	LightPlan ne nécessite aucun compte et n’inclut ni publicité ni SDK d’analyse tiers. Les lieux, projets et préférences restent dans le stockage local de l’app. Nous n’exploitons aucun serveur recevant ces données.	LightPlan ไม่ต้องสมัครบัญชี ไม่มีโฆษณาหรือ SDK วิเคราะห์จากบุคคลที่สาม สถานที่ แผน และค่ากำหนดที่บันทึกจะอยู่ในพื้นที่เก็บข้อมูลของแอปบนอุปกรณ์ เราไม่มีเซิร์ฟเวอร์ที่รับข้อมูลเหล่านี้	O LightPlan não requer conta e não inclui publicidade nem SDK de análise de terceiros. Os locais, planos e preferências ficam no armazenamento local da aplicação. Não operamos um servidor que receba estes dados.
privacy.p2	Location access is requested only when you choose “Use current location.” You may decline and enter coordinates instead. Apple provides map search, geocoding, map tiles and purchases; requests to these services are subject to Apple’s policies. LightPlan does not collect payment-card details.	仅在你选择“使用当前位置”时请求定位权限。你可以拒绝并改用手动坐标。地图搜索、地理编码、地图内容及购买由 Apple 提供，相关请求受 Apple 政策约束。LightPlan 不收集银行卡信息。	僅在你選擇「使用目前位置」時要求定位權限。你可以拒絕並改用手動座標。地圖搜尋、地理編碼、地圖內容及購買由 Apple 提供，相關請求受 Apple 政策約束。LightPlan 不收集銀行卡資訊。	位置情報は「現在地を使用」を選んだ場合にのみ要求します。拒否して座標を入力することもできます。地図検索、ジオコーディング、地図データ、購入はAppleが提供し、そのポリシーが適用されます。LightPlanは決済カード情報を収集しません。	“현재 위치 사용”을 선택할 때만 위치 권한을 요청합니다. 거부하고 좌표를 직접 입력할 수 있습니다. 지도 검색, 지오코딩, 지도와 구매는 Apple에서 제공하며 해당 요청에는 Apple의 정책이 적용됩니다. LightPlan은 결제 카드 정보를 수집하지 않습니다.	Standortzugriff wird nur angefordert, wenn Sie „Aktuellen Standort verwenden“ wählen. Sie können ablehnen und Koordinaten eingeben. Kartensuche, Geocodierung, Kartendaten und Käufe werden von Apple bereitgestellt und unterliegen Apples Richtlinien. LightPlan erhebt keine Zahlungskartendaten.	L’accès à la position n’est demandé que lorsque vous choisissez « Utiliser ma position ». Vous pouvez refuser et saisir des coordonnées. Apple fournit la recherche, le géocodage, les cartes et les achats ; ces requêtes sont soumises à ses politiques. LightPlan ne collecte pas les données de carte bancaire.	แอปจะขอสิทธิ์ตำแหน่งเมื่อคุณเลือก “ใช้ตำแหน่งปัจจุบัน” เท่านั้น คุณปฏิเสธและกรอกพิกัดแทนได้ Apple เป็นผู้ให้บริการค้นหาแผนที่ แปลงตำแหน่ง แผนที่ และการซื้อ คำขอเหล่านี้อยู่ภายใต้นโยบายของ Apple LightPlan ไม่เก็บข้อมูลบัตรชำระเงิน	O acesso à localização só é pedido quando escolhe «Usar localização atual». Pode recusar e introduzir coordenadas. A pesquisa, geocodificação, mapas e compras são fornecidos pela Apple e sujeitos às suas políticas. O LightPlan não recolhe dados de cartões de pagamento.
privacy.p3	Reminders are scheduled on your device. The widget reads its selected place and preferences through a local App Group shared with LightPlan. Operating-system backup services may include app data according to your device settings; LightPlan does not provide its own cloud sync.	提醒在设备本地安排。小组件通过与 LightPlan 共享的本地 App Group 读取选定地点和偏好。系统备份服务可能根据设备设置备份 App 数据；LightPlan 不提供自有云同步。	提醒在裝置本機安排。小工具透過與 LightPlan 共用的本機 App Group 讀取選定地點和偏好。系統備份服務可能依裝置設定備份 App 資料；LightPlan 不提供自有雲端同步。	通知は端末上で予約されます。ウィジェットはLightPlanと共有するローカルApp Groupから選択場所と設定を読み取ります。端末設定に応じ、OSのバックアップにアプリデータが含まれる場合があります。独自のクラウド同期は提供していません。	알림은 기기에서 예약됩니다. 위젯은 LightPlan과 공유하는 로컬 App Group에서 선택한 장소와 설정을 읽습니다. 기기 설정에 따라 운영체제의 백업에 앱 데이터가 포함될 수 있습니다. LightPlan은 자체 클라우드 동기화를 제공하지 않습니다.	Erinnerungen werden auf Ihrem Gerät geplant. Das Widget liest Ort und Einstellungen über eine lokale, mit LightPlan geteilte App Group. Je nach Geräteeinstellungen können Betriebssystem-Backups App-Daten enthalten. LightPlan bietet keine eigene Cloud-Synchronisierung.	Les rappels sont programmés sur l’appareil. Le widget lit le lieu et les préférences via un App Group local partagé avec LightPlan. Selon vos réglages, les sauvegardes du système peuvent inclure les données de l’app. LightPlan ne fournit pas sa propre synchronisation cloud.	การแจ้งเตือนถูกตั้งไว้บนอุปกรณ์ วิดเจ็ตอ่านสถานที่และค่ากำหนดผ่าน App Group ภายในเครื่องที่แชร์กับ LightPlan ระบบปฏิบัติการอาจสำรองข้อมูลแอปตามการตั้งค่าอุปกรณ์ LightPlan ไม่มีบริการซิงค์คลาวด์ของตนเอง	Os lembretes são agendados no dispositivo. O widget lê o local e as preferências através de um App Group local partilhado com o LightPlan. As cópias de segurança do sistema podem incluir dados da aplicação consoante as definições do dispositivo. Não existe sincronização cloud própria do LightPlan.
privacy.p4	You control exported backup files and any information you choose to send to support. Export a backup before deleting the app or moving devices. To remove local data, delete saved plans and places, or delete the app through system settings. Files you exported elsewhere are managed separately.	你自行管理导出的备份文件，以及主动发送给支持团队的信息。删除 App 或更换设备前请先备份。删除计划、收藏，或在系统设置中删除 App 可移除本地数据；导出到其他位置的文件需单独管理。	你自行管理匯出的備份檔案，以及主動傳送給支援團隊的資訊。刪除 App 或更換裝置前請先備份。刪除計畫、收藏，或在系統設定中刪除 App 可移除本機資料；匯出到其他位置的檔案須另行管理。	書き出したバックアップやサポートに送信する情報は、ご自身で管理できます。アプリ削除や機種変更の前にバックアップしてください。計画と保存場所の削除、またはシステム設定からのアプリ削除でローカルデータを削除できます。他の場所に書き出したファイルは別途管理してください。	내보낸 백업 파일과 지원팀에 직접 보내는 정보는 사용자가 관리합니다. 앱을 삭제하거나 기기를 변경하기 전에 백업하세요. 계획과 장소를 삭제하거나 시스템 설정에서 앱을 삭제하면 로컬 데이터를 제거할 수 있습니다. 다른 곳으로 내보낸 파일은 별도로 관리해야 합니다.	Exportierte Sicherungen und freiwillig an den Support gesendete Informationen verwalten Sie selbst. Sichern Sie Daten vor dem Löschen der App oder einem Gerätewechsel. Löschen Sie Pläne und Orte oder die App in den Systemeinstellungen, um lokale Daten zu entfernen. Anderswo exportierte Dateien werden separat verwaltet.	Vous contrôlez les sauvegardes exportées et les informations envoyées volontairement à l’assistance. Sauvegardez vos données avant de supprimer l’app ou de changer d’appareil. Supprimez les lieux et projets, ou l’app via les réglages système, pour effacer les données locales. Les fichiers exportés ailleurs se gèrent séparément.	คุณควบคุมไฟล์สำรองที่ส่งออกและข้อมูลที่เลือกส่งให้ฝ่ายช่วยเหลือ โปรดสำรองข้อมูลก่อนลบแอปหรือเปลี่ยนอุปกรณ์ หากต้องการลบข้อมูลในเครื่อง ให้ลบแผนและสถานที่ที่บันทึก หรือลบแอปจากการตั้งค่าระบบ ไฟล์ที่ส่งออกไปที่อื่นต้องจัดการแยกต่างหาก	É responsável pelos ficheiros exportados e pela informação que decide enviar ao apoio. Exporte uma cópia antes de apagar a aplicação ou mudar de dispositivo. Elimine os planos e locais, ou a aplicação nas definições do sistema, para remover os dados locais. Os ficheiros exportados para outros locais são geridos separadamente.
legal.p1	LightPlan is a photography-planning aid, not a navigation, aviation or safety instrument. Calculations describe geometric light and approximate astronomical events. They cannot guarantee visibility, weather or the quality of a photograph.	LightPlan 是摄影规划辅助工具，不是导航、航空或安全仪器。计算描述几何光线和近似天文事件，不能保证现场可见性、天气或照片效果。	LightPlan 是攝影規劃輔助工具，不是導航、航空或安全儀器。計算描述幾何光線和近似天文事件，無法保證現場可見性、天氣或照片效果。	LightPlanは撮影計画の補助ツールであり、航法、航空、安全のための機器ではありません。計算は幾何学的な光と概算の天文現象を示し、視認性、天候、写真の仕上がりを保証しません。	LightPlan은 촬영 계획 보조 도구이며 내비게이션, 항공 또는 안전 장비가 아닙니다. 계산은 기하학적 빛과 대략적인 천문 현상을 나타내며 가시성, 날씨 또는 사진 품질을 보장하지 않습니다.	LightPlan unterstützt die Fotoplanung und ist kein Navigations-, Luftfahrt- oder Sicherheitsinstrument. Berechnungen beschreiben geometrisches Licht und angenäherte astronomische Ereignisse. Sie garantieren weder Sichtbarkeit noch Wetter oder Bildqualität.	LightPlan est une aide à la préparation photographique, pas un instrument de navigation, d’aviation ou de sécurité. Les calculs décrivent la lumière géométrique et des événements astronomiques approximatifs. Ils ne garantissent ni visibilité, ni météo, ni qualité photographique.	LightPlan เป็นเครื่องมือช่วยวางแผนถ่ายภาพ ไม่ใช่อุปกรณ์นำทาง การบิน หรือความปลอดภัย การคำนวณแสดงแสงเชิงเรขาคณิตและเหตุการณ์ทางดาราศาสตร์โดยประมาณ ไม่รับประกันการมองเห็น อากาศ หรือคุณภาพภาพถ่าย	O LightPlan auxilia o planeamento fotográfico; não é um instrumento de navegação, aviação ou segurança. Os cálculos descrevem a luz geométrica e eventos astronómicos aproximados. Não garantem visibilidade, meteorologia ou qualidade fotográfica.
legal.p2	Full access is a one-time, non-consumable in-app purchase, not a subscription. The App Store confirms the price and payment. Use Restore Purchases with the Apple Account used to buy it. Existing plans remain readable and exportable if full access is unavailable.	完整版为一次性非消耗型内购，不是订阅。价格与付款由 App Store 确认。请使用购买时的 Apple 账户恢复购买。即使完整版权益不可用，已有计划仍可查看和导出。	完整版為一次性非消耗型 App 內購買，不是訂閱。價格與付款由 App Store 確認。請使用購買時的 Apple 帳號回復購買。即使完整版權益無法使用，已有計畫仍可查看及匯出。	フルアクセスは買い切りの非消耗型アプリ内購入で、サブスクリプションではありません。価格と支払いはApp Storeで確認します。購入時のApple Accountで「購入を復元」を使ってください。アクセスが確認できなくても既存の計画は閲覧・書き出しできます。	전체 기능은 구독이 아닌 일회성 비소모성 앱 내 구입입니다. 가격과 결제는 App Store에서 확인합니다. 구입한 Apple 계정으로 구매 복원을 이용하세요. 전체 기능을 사용할 수 없어도 기존 계획은 읽고 내보낼 수 있습니다.	Vollzugriff ist ein einmaliger, nicht verbrauchbarer In-App-Kauf, kein Abonnement. Preis und Zahlung werden im App Store bestätigt. Stellen Sie Käufe mit dem beim Kauf verwendeten Apple Account wieder her. Vorhandene Pläne bleiben auch ohne Vollzugriff lesbar und exportierbar.	L’accès complet est un achat intégré unique non consommable, pas un abonnement. Le prix et le paiement sont confirmés par l’App Store. Restaurez les achats avec le compte Apple utilisé lors de l’achat. Les projets existants restent consultables et exportables sans accès complet.	การเข้าถึงเต็มรูปแบบเป็นการซื้อในแอปแบบถาวรครั้งเดียว ไม่ใช่การสมัครสมาชิก App Store จะยืนยันราคาและการชำระเงิน ใช้ “กู้คืนการซื้อ” กับบัญชี Apple ที่ใช้ซื้อ แม้ไม่มีสิทธิ์เต็มรูปแบบก็ยังอ่านและส่งออกแผนเดิมได้	O acesso completo é uma compra única na aplicação, não consumível, e não uma assinatura. O preço e o pagamento são confirmados pela App Store. Restaure compras com a Conta Apple utilizada na compra. Os planos existentes continuam disponíveis para leitura e exportação sem acesso completo.
legal.p3	Map content is provided by Apple and its data providers. Decorative coastal images in LightPlan are original AI-generated illustrations, not live photographs of the selected destination. Check access rights and local conditions before visiting a shooting location.	地图内容由 Apple 及其数据提供方提供。App 中的海岸装饰图是原创 AI 生成插画，并非所选目的地的实时实拍。前往拍摄地点前，请确认通行权限及现场条件。	地圖內容由 Apple 及其資料提供方提供。App 中的海岸裝飾圖是原創 AI 生成圖像，並非所選目的地的即時實拍。前往拍攝地點前，請確認通行權限及現場條件。	地図はAppleおよびデータ提供者から提供されます。海岸の装飾画像は独自のAI生成イラストで、選択した場所の現在の写真ではありません。撮影地を訪れる前に、立ち入りの可否と現地の状況を確認してください。	지도 콘텐츠는 Apple과 해당 데이터 제공업체가 제공합니다. 앱의 해안 장식 이미지는 독자적인 AI 생성 일러스트이며 선택한 목적지의 실시간 사진이 아닙니다. 촬영 장소를 방문하기 전에 출입 가능 여부와 현장 상황을 확인하세요.	Karteninhalte stammen von Apple und seinen Datenanbietern. Die dekorativen Küstenbilder sind eigens erzeugte KI-Illustrationen, keine aktuellen Fotos des gewählten Zielorts. Prüfen Sie Zugangsrechte und örtliche Bedingungen vor einem Besuch.	Les cartes sont fournies par Apple et ses fournisseurs de données. Les images côtières décoratives sont des illustrations originales générées par IA, pas des photos en direct du lieu choisi. Vérifiez l’accès et les conditions locales avant de vous rendre sur place.	เนื้อหาแผนที่ให้บริการโดย Apple และผู้ให้ข้อมูล ภาพชายฝั่งที่ใช้ตกแต่งเป็นภาพต้นฉบับที่สร้างด้วย AI ไม่ใช่ภาพถ่ายปัจจุบันของจุดหมายที่เลือก โปรดตรวจสอบสิทธิ์เข้าใช้พื้นที่และสภาพจริงก่อนเดินทางไปถ่ายภาพ	Os mapas são fornecidos pela Apple e pelos seus fornecedores de dados. As imagens decorativas da costa são ilustrações originais geradas por IA, não fotografias em direto do destino escolhido. Verifique o acesso e as condições locais antes de visitar o local.
legal.p4	The Apple Standard Licensed Application End User License Agreement applies unless a separate agreement is supplied in the App Store. Your statutory consumer rights are not limited by this notice. Contact support from Settings for product questions; Apple handles App Store payment and refund requests.	除非 App Store 另行提供协议，否则适用 Apple 标准许可应用程序最终用户许可协议。本说明不限制你的法定消费者权利。产品问题可通过设置联系支持；App Store 付款和退款请求由 Apple 处理。	除非 App Store 另行提供協議，否則適用 Apple 標準授權應用程式最終使用者授權協議。本說明不限制你的法定消費者權利。產品問題可透過設定聯絡支援；App Store 付款和退款要求由 Apple 處理。	App Storeで別途契約が提示されない限り、Apple標準の使用許諾アプリケーション・エンドユーザライセンス契約が適用されます。この案内は法定の消費者の権利を制限しません。製品については設定からサポートに連絡してください。支払いと返金の申請はAppleが扱います。	App Store에 별도의 계약이 제공되지 않는 한 Apple 표준 사용권 계약이 적용됩니다. 이 안내는 법적 소비자 권리를 제한하지 않습니다. 제품 관련 문의는 설정에서 지원팀에 연락하세요. App Store 결제와 환불 요청은 Apple이 처리합니다.	Sofern im App Store keine separate Vereinbarung bereitgestellt wird, gilt Apples Standard-Lizenzvereinbarung für Endnutzer lizenzierter Anwendungen. Gesetzliche Verbraucherrechte werden durch diesen Hinweis nicht eingeschränkt. Produktfragen richten Sie über die Einstellungen an den Support; Zahlungen und Erstattungen im App Store bearbeitet Apple.	Le contrat de licence standard Apple pour les applications s’applique, sauf accord distinct fourni dans l’App Store. Cette notice ne limite pas vos droits légaux de consommateur. Contactez l’assistance via les réglages pour les questions produit ; Apple traite les paiements et remboursements App Store.	หาก App Store ไม่ได้ระบุข้อตกลงแยกต่างหาก จะใช้ข้อตกลงสิทธิ์การใช้งานมาตรฐานของ Apple ข้อความนี้ไม่จำกัดสิทธิ์ผู้บริโภคตามกฎหมาย ติดต่อฝ่ายช่วยเหลือจากการตั้งค่าเพื่อสอบถามเกี่ยวกับผลิตภัณฑ์ ส่วนคำขอเกี่ยวกับการชำระเงินและการคืนเงินใน App Store จัดการโดย Apple	Aplica-se o contrato de licença padrão da Apple para aplicações, salvo acordo separado na App Store. Este aviso não limita os seus direitos legais enquanto consumidor. Contacte o apoio nas Definições para questões sobre o produto; a Apple trata dos pagamentos e reembolsos da App Store.
date.tomorrow	Tomorrow	明天	明天	明日	내일	Morgen	Demain	พรุ่งนี้	Amanhã
date.weekend	Next weekend	下个周末	下個週末	次の週末	다음 주말	Nächstes Wochenende	Prochain week-end	สุดสัปดาห์หน้า	Próximo fim de semana
time.now	Now	现在	現在	現在	지금	Jetzt	Maintenant	ตอนนี้	Agora
today.allEvents	All events today	当天全部事件	當天全部事件	この日のすべてのイベント	이 날짜의 모든 이벤트	Alle Ereignisse dieses Tages	Tous les événements du jour	เหตุการณ์ทั้งหมดของวันนี้	Todos os eventos do dia
composition.toggle	Composition planner	构图规划	構圖規劃	構図プランナー	구도 플래너	Bildkomposition	Planificateur de composition	วางแผนองค์ประกอบ	Planeador de composição
composition.subject	Subject	主体	主體	被写体	피사체	Motiv	Sujet	ตัวแบบ	Motivo
composition.suggestedStand	Suggested position	推荐机位	建議機位	推奨撮影位置	추천 촬영 위치	Empfohlener Standort	Position suggérée	จุดถ่ายที่แนะนำ	Posição sugerida
composition.title	Composition	构图	構圖	構図	구도	Komposition	Composition	องค์ประกอบ	Composição
composition.clear	Clear	清除	清除	クリア	지우기	Löschen	Effacer	ล้าง	Limpar
composition.frame	Celestial body in frame	天体在画面中的位置	天體在畫面中的位置	天体の画面内位置	천체의 화면 위치	Himmelskörper im Bild	Astre dans le cadre	ตำแหน่งวัตถุท้องฟ้าในภาพ	Astro no enquadramento
composition.left	Left 10°	左侧 10°	左側 10°	左 10°	왼쪽 10°	Links 10°	Gauche 10°	ซ้าย 10°	Esquerda 10°
composition.center	Centered	居中	置中	中央	중앙	Zentriert	Centré	กึ่งกลาง	Centrado
composition.right	Right 10°	右侧 10°	右側 10°	右 10°	오른쪽 10°	Rechts 10°	Droite 10°	ขวา 10°	Direita 10°
composition.subjectBearing	Subject bearing	主体方向	主體方向	被写体の方位	피사체 방위	Motivrichtung	Direction du sujet	ทิศของตัวแบบ	Direção do motivo
composition.bestTime	Best time	最佳时刻	最佳時刻	最適時刻	최적 시간	Beste Zeit	Meilleur moment	เวลาที่เหมาะที่สุด	Melhor hora
composition.error	Alignment error	对齐偏差	對齊偏差	位置ずれ	정렬 오차	Ausrichtungsfehler	Écart d’alignement	ความคลาดเคลื่อน	Desvio de alinhamento
composition.altitude	Altitude	高度	高度	高度	고도	Höhe	Hauteur	มุมเงย	Altitude
composition.quality.exact	Nearly exact	几乎精确对齐	幾乎精確對齊	ほぼ完全一致	거의 정확히 정렬	Nahezu exakt	Alignement quasi exact	เกือบตรงพอดี	Quase exato
composition.quality.strong	Strong alignment	高度对齐	高度對齊	良好な一致	강한 정렬	Sehr gute Ausrichtung	Très bon alignement	แนวตรงดีมาก	Bom alinhamento
composition.quality.workable	Usable alignment	可用对齐	可用對齊	実用的な一致	사용 가능한 정렬	Brauchbare Ausrichtung	Alignement exploitable	ใช้งานได้	Alinhamento utilizável
composition.quality.loose	Weak alignment	偏差较大	偏差較大	ずれが大きい	정렬 오차 큼	Lose Ausrichtung	Alignement faible	คลาดเคลื่อนมาก	Alinhamento fraco
composition.side.left	Celestial body left of subject	天体在主体左侧	天體在主體左側	天体は被写体の左	천체가 피사체 왼쪽	Himmelskörper links vom Motiv	Astre à gauche du sujet	วัตถุท้องฟ้าอยู่ซ้ายของตัวแบบ	Astro à esquerda do motivo
composition.side.centered	Celestial body behind subject	天体位于主体后方	天體位於主體後方	天体は被写体の背後	천체가 피사체 뒤	Himmelskörper hinter dem Motiv	Astre derrière le sujet	วัตถุท้องฟ้าอยู่หลังตัวแบบ	Astro atrás do motivo
composition.side.right	Celestial body right of subject	天体在主体右侧	天體在主體右側	天体は被写体の右	천체가 피사체 오른쪽	Himmelskörper rechts vom Motiv	Astre à droite du sujet	วัตถุท้องฟ้าอยู่ขวาของตัวแบบ	Astro à direita do motivo
composition.arriveBy	Suggested arrival	建议到达	建議到達	到着目安	권장 도착	Empfohlene Ankunft	Arrivée conseillée	แนะนำให้ถึง	Chegada sugerida
composition.standDistance	Distance from subject	与主体距离	與主體距離	被写体までの距離	피사체와의 거리	Abstand zum Motiv	Distance au sujet	ระยะจากตัวแบบ	Distância ao motivo
composition.useStand	Use suggested position	使用推荐机位	使用建議機位	推奨位置を使う	추천 위치 사용	Vorgeschlagenen Standort verwenden	Utiliser la position suggérée	ใช้จุดที่แนะนำ	Usar posição sugerida
composition.search	Search next 14 days	搜索未来 14 天	搜尋未來 14 天	今後14日を検索	향후 14일 검색	Nächste 14 Tage durchsuchen	Rechercher les 14 prochains jours	ค้นหา 14 วันถัดไป	Pesquisar próximos 14 dias
composition.opportunities	Alignment opportunities	对齐机会	對齊機會	位置合わせ候補	정렬 기회	Ausrichtungsmöglichkeiten	Occasions d’alignement	โอกาสจัดแนว	Oportunidades de alinhamento
composition.noOpportunity	No visible alignment found	未找到可见的对齐时刻	未找到可見的對齊時刻	見える位置合わせが見つかりません	보이는 정렬 시간을 찾지 못했습니다	Keine sichtbare Ausrichtung gefunden	Aucun alignement visible trouvé	ไม่พบช่วงที่จัดแนวได้และมองเห็น	Nenhum alinhamento visível encontrado
composition.searchFailed	Couldn’t calculate alignment opportunities	无法计算对齐机会	無法計算對齊機會	位置合わせ候補を計算できませんでした	정렬 기회를 계산할 수 없습니다	Ausrichtungsmöglichkeiten konnten nicht berechnet werden	Impossible de calculer les occasions d’alignement	คำนวณโอกาสจัดแนวไม่ได้	Não foi possível calcular as oportunidades
composition.suggestedPlace	Suggested shooting position	推荐拍摄机位	建議拍攝機位	推奨撮影位置	추천 촬영 위치	Empfohlener Fotostandort	Position de prise de vue suggérée	จุดถ่ายภาพที่แนะนำ	Posição de fotografia sugerida
composition.geometryNote	Geometry only. Check access, terrain and safety on site.	仅为几何建议；请在现场确认通行、地形和安全。	僅為幾何建議；請在現場確認通行、地形與安全。	幾何上の提案です。現地の立入可否、地形、安全を確認してください。	기하학적 제안입니다. 현장에서 접근성, 지형, 안전을 확인하세요.	Nur geometrische Empfehlung. Zugang, Gelände und Sicherheit vor Ort prüfen.	Suggestion géométrique uniquement. Vérifiez l’accès, le terrain et la sécurité sur place.	เป็นคำแนะนำเชิงเรขาคณิต โปรดตรวจสอบการเข้าถึง ภูมิประเทศ และความปลอดภัยหน้างาน	Sugestão apenas geométrica. Confirme o acesso, terreno e segurança no local.
composition.premiumHint	14-day search and stand suggestions are included in the full unlock.	14 天机会搜索和推荐机位属于完整解锁功能。	14 天機會搜尋和建議機位屬於完整解鎖功能。	14日検索と推奨撮影位置はフル解除に含まれます。	14일 검색과 추천 촬영 위치는 전체 잠금 해제에 포함됩니다.	14-Tage-Suche und Standortvorschläge sind in der Vollversion enthalten.	La recherche sur 14 jours et les positions suggérées sont incluses dans le déverrouillage complet.	การค้นหา 14 วันและจุดถ่ายที่แนะนำรวมอยู่ในการปลดล็อกเต็มรูปแบบ	A pesquisa de 14 dias e as posições sugeridas estão incluídas no desbloqueio completo.
composition.tapTarget	Tap the map to place the subject you want to align with.	在地图上点击你想对齐的拍摄主体。	在地圖上點擊你想對齊的拍攝主體。	地図をタップして位置合わせしたい被写体を置きます。	지도에서 정렬할 피사체를 탭하세요.	Tippe auf die Karte, um das Motiv für die Ausrichtung festzulegen.	Touchez la carte pour placer le sujet à aligner.	แตะแผนที่เพื่อวางตัวแบบที่ต้องการจัดแนว	Toque no mapa para marcar o motivo a alinhar.
